name,symbol,price,price_BNB,token_address,pancake_swap_time
Wrapped BNB,WBNB,371.4816662,1,0xbb4CdB9CBd36B01bD1cBaEBF2De08d9173bc095c,2022-02-04 3:14:06
BUSD Token,BUSD,0.9999831584,0.002691877552,0xe9e7CEA3DedcA5984780Bafc599bD69ADd087D56,2022-02-04 3:14:06
Tether USD,USDT,1.000031135,0.002692002463,0x55d398326f99059fF775485246999027B3197955,2022-02-04 3:14:06
PancakeSwap Token,Cake,7.251613013,0.01952078305,0x0E09FaBB73Bd3Ade0a17ECC321fD13a19e81cE82,2022-02-04 3:14:06
USD Coin,USDC,0.9988524307,0.002688830465,0x8AC76a51cc950d9822D68b83fE1Ad97B32Cd580d,2022-02-04 3:14:06
Mobox,MBOX,2.66213303,0.007166672499,0x3203c9E46cA618C8C1cE5dC67e7e9D75f5da2377,2022-02-04 3:14:06
Ethereum Token,ETH,2693.04379,7.249466219,0x2170Ed0880ac9A755fd29B2688956BD959F933F8,2022-02-04 3:14:06
BTCB Token,BTCB,37334.17357,100.501552,0x7130d2A12B9BCbFAe4f2634d864A1Ee1Ce3Ead9c,2022-02-04 3:14:06
TrueUSD,TUSD,1.002214463,0.002697958967,0x14016E85a25aeb13065688cAFB43044C2ef86784,2022-02-04 3:14:06
Baby Doge Coin,BabyDoge,0.000000003962438072,0,0xc748673057861a797275CD8A068AbB95A902e8de,2022-02-04 3:14:06
Metahero,HERO,0.04593800639,0.0001236663299,0xD40bEDb44C081D2935eebA6eF5a3c8A31A1bBE13,2022-02-04 3:14:06
DRIP Token,DRIP,134.5916329,0.3623225911,0x20f663CEa80FaCE82ACDFA3aAE6862d246cE0333,2022-02-04 3:14:06
FileSystemVideo,FSV,36.92795968,0.09940901106,0xE9c7a827a4bA133b338b844C19241c864E95d75f,2022-02-04 3:14:06
SafeMoon,SAFEMOON,0.000000485667345,0.000000001310461999,0x8076C74C5e3F5852037F31Ff0093Eeb8c8ADd8D3,2022-02-04 3:14:06
DOGS,DOGS,111.1406478,0.299193332,0xDBdC73B95cC0D5e7E99dC95523045Fc8d075Fb9e,2022-02-04 3:14:06
SeedifyFund,SFUND,5.860632686,0.01577749818,0x477bC8d23c634C154061869478bce96BE6045D12,2022-02-04 3:14:06
QJI Token,QJI,1867.833578,5.034084039,0x4C2200082Ad960f03BF105971E5D85bb835ddB83,2022-02-04 3:14:06
Position Token,POSI,1.549116462,0.004170610585,0x5CA42204cDaa70d5c773946e69dE942b85CA6706,2022-02-04 3:14:06
Polkadot Token,DOT,18.88544012,0.05083979863,0x7083609fCE4d1d8Dc0C979AAb8c869Ea2C873402,2022-02-04 3:14:06
Dai Token,DAI,0.9985490288,0.002688312854,0x1AF3F329e8BE154074D8769D1FFa4eE058B1DBc3,2022-02-04 3:14:06
BitTorrent,BTT,0.002205117412,0.00000593892198,0x8595F9dA7b868b1822194fAEd312235E43007b49,2022-02-04 3:14:06
Wrapped UST Token,UST,1.0024466,0.002698607459,0x23396cF899Ca06c4472205fC903bDB4de249D6fC,2022-02-04 3:14:06
Meblox Protocol,MEB,0.148360731,0.0004004391284,0x7268B479eb7CE8D1B37Ef1FFc3b82d7383A1162d,2022-02-04 3:14:06
TRON,TRX,0.060418239,0.0001626518056,0x85EAC5Ac2F758618dFa09bDbe0cf174e7d574D5B,2022-02-04 3:14:06
YOOSHI,YOOSHI,0.0000004576809089,0.000000001232464039,0x02fF5065692783374947393723dbA9599e59F591,2022-02-04 3:14:06
EverGrow Coin,EGC,0.0000005823969394,0.000000001567847001,0xC001BBe2B87079294C63EcE98BdD0a88D761434e,2022-02-04 3:14:06
SafePal Token,SFP,0.813046223,0.002190181761,0xD41FDb03Ba84762dD66a0af1a6C8540FF1ba5dfb,2022-02-04 3:14:06
BinaryX,BNX,25.60125859,0.06891922253,0x8C851d1a123Ff703BD1f9dabe631b69902Df5f97,2022-02-04 3:14:06
CBET,CBET,0.0000002043518983,0.0000000005500648615,0xc212D39E35F22F259457bE79Fc2D822FA7122e6e,2022-02-04 3:14:06
Cardano Token,ADA,1.052984066,0.002834647678,0x3EE2200Efb3400fAbB9AacF31297cBdD1d435D47,2022-02-04 3:14:06
ChainLink Token,LINK,16.07772532,0.04328075537,0xF8A0BF9cF54Bb92F17374d9e9A321E6a111a51bD,2022-02-04 3:14:06
Radio Caca V2,RACA,0.001986899841,0.000005348625632,0x12BB890508c125661E03b09EC06E404bc9289040,2022-02-04 3:14:06
BELT Token,BELT,1.345957088,0.00362774974,0xE0e514c71282b6f4e823703a39374Cf58dc3eA4f,2022-02-04 3:14:06
Elephant Money,ELEPHANT,0.0000000330251447,0,0xE283D0e3B8c102BAdF5E8166B73E02D96d92F688,2022-02-04 3:14:06
AlpacaToken,ALPACA,0.3512314813,0.0009456293857,0x8F0528cE5eF7B51152A59745bEfDD91D97091d2F,2022-02-04 3:14:06
TrusterCoin,TSC,0.01441534981,0.00003881018865,0xA2a26349448ddAfAe34949a6Cc2cEcF78c0497aC,2022-02-04 3:14:06
PIGS,PIGS,446.9546189,1.203212143,0x3A4C15F96B3b058ab3Fb5FAf1440Cc19E7AE07ce,2022-02-04 3:14:06
VAI Stablecoin,VAI,0.9325411243,0.00251281682,0x4BD17003473389A42DAF6a0a729f6Fdb328BbBd7,2022-02-04 3:14:06
WINk,WIN,0.0003065418367,0.0000008252876142,0xaeF0d72a118ce24feE3cD1d43d383897D05B4e99,2022-02-04 3:14:06
PORNROCKET,PORNROCKET,0.00000005501095936,0.0000000001481776373,0xCF9f991b14620f5ad144Eec11f9bc7Bf08987622,2022-02-04 3:14:06
XRP Token,XRP,0.6120834701,0.001647739158,0x1D2F0da169ceB9fC7B3144628dB156f3F6c60dBE,2022-02-04 3:14:06
Uniswap,UNI,10.41159558,0.02805253464,0xBf5140A22578168FD562DCcF235E5D43A02ce9B1,2022-02-04 3:14:06
JADE,JADE,21.38476899,0.05757774382,0x7ad7242A99F21aa543F9650A56D141C57e4F6081,2022-02-04 3:14:06
lizardtoken.finance,LIZ,5.280534407,0.01421528712,0xfCb520B47f5601031E0Eb316F553A3641FF4B13C,2022-02-04 3:14:06
CatGirl,CATGIRL,0.0000000018463613,0,0x79eBC9A2ce02277A4b5b3A768b1C0A4ed75Bd936,2022-02-04 3:14:06
ALICE,ALICE,6.69941804,0.01805645122,0xAC51066d7bEC65Dc4589368da368b212745d63E8,2022-02-04 3:14:06
Dogecoin,DOGE,0.1387851258,0.0003736019631,0xbA2aE424d960c26247Dd6c32edC70B295c744C43,2022-02-04 3:14:06
Lizard Buring,LIB,153.754463,0.4138985997,0xd91EFaae19836F13e2035543576c363d6ed06239,2022-02-04 3:14:06
CateCoin,CATE,0.00000164735264,0.000000004437757989,0xE4FAE3Faa8300810C835970b9187c268f55D998F,2022-02-04 3:14:06
APENFT,NFT,0.000002004917167,0.000000005397315424,0x1fC9004eC7E5722891f5f38baE7678efCB11d34D,2022-02-04 3:14:06
CluCoin,CLU,0.00000001339964661,0,0x1162E2EfCE13f99Ed259fFc24d99108aAA0ce935,2022-02-04 3:14:06
Synthetic BNB,SBNB,370.7112836,0.9987212647,0xE90444C38a8Cd2DCEEe9D954042ac817a794E9A9,2022-02-04 3:14:06
CTOMORROW PLATFORM,CTP,0.8780864634,0.002367061175,0xb850CAC12Ab85d4400db61ac78DC5Fc2418b6868,2022-02-04 3:14:06
SaveYourAssets,SYA,0.00000005218330672,0.0000000001404953929,0x83A86adf1a7c56e77d36d585B808052e0a2aAD0e,2022-02-04 3:14:06
SharkShakeSea,SEA,0.8999181974,0.002423008181,0x26193C7fa4354AE49eC53eA2cEBC513dc39A10aa,2022-02-04 3:14:06
Distributed computing coin,DCC,0.5494017834,0.001479154129,0x98779fAc3D808bbe07e137322454980804745BEF,2022-02-04 3:14:06
Titano,TITANO,0.09960221502,0.0002681541785,0xBA96731324dE188ebC1eD87ca74544dDEbC07D7f,2022-02-04 3:14:06
bomb.money,BOMB,3.425232417,0.009220698044,0x522348779DCb2911539e76A1042aA922F9C47Ee3,2022-02-04 3:14:06
rUSD,rUSD,0.9685364462,0.002607636263,0x07663837218A003e66310a01596af4bf4e44623D,2022-02-04 3:14:06
Woonkly Power,WOOP,0.1420920177,0.0003829599562,0x8b303d5BbfBbf46F1a4d9741E491e06986894e18,2022-02-04 3:14:06
FLOKI,FLOKI,0.00003173702129,0.00000008543515342,0xfb5B838b6cfEEdC2873aB27866079AC55363D37E,2022-02-04 3:14:06
TIME,TIME,0.01989574187,0.00005356442805,0x26619FA1d4c957C58096bBbeCa6588dCFB12E109,2022-02-04 3:14:06
HERO CAT TOKEN,HCT,0.04309658562,0.0001160147726,0x29A1e54DE0fCE58E1018535d30aF77A9d2D940c4,2022-02-04 3:14:06
Spintop,SPIN,0.1801044215,0.0004848437623,0x6AA217312960A21aDbde1478DC8cBCf828110A67,2022-02-04 3:14:06
StarSharks,SSS,7.881904384,0.0212182187,0xC3028FbC1742a16A5D69dE1B334cbce28f5d7EB3,2022-02-04 3:14:06
Nemesis DAO,NMS,51.92781239,0.1399539422,0x8AC9DC3358A2dB19fDd57f433ff45d1fc357aFb3,2022-02-04 3:14:06
Hot Cross Token,HOTCROSS,0.2801067165,0.0007547234362,0x4FA7163E153419E0E1064e418dd7A99314Ed27b6,2022-02-04 3:14:06
Harmony ONE,ONE,0.1811808043,0.0004877842296,0x03fF0ff224f904be3118461335064bB48Df47938,2022-02-04 3:14:06
Coin98,C98,1.703834562,0.004587131954,0xaEC945e04baF28b135Fa7c640f624f8D90F1C3a6,2022-02-04 3:14:06
Static,Static,0.9079919107,0.002444548907,0x7dEb9906BD1d77B410a56E5C23c36340Bd60C983,2022-02-04 3:14:06
DNAxCAT,DXCT,0.5928479008,0.00159720689,0x5b1BaeC64aF6dC54E6e04349315919129A6d3c23,2022-02-04 3:14:06
Kabosu,KABOSU,0.000000004940501567,0,0x4A824eE819955A7D769e03fe36f9E0C3Bd3Aa60b,2022-02-04 3:14:06
TrustPad,TPAD,0.6328574916,0.001708058298,0xADCFC6bf853a0a8ad7f9Ff4244140D10cf01363C,2022-02-04 3:14:06
JOJO,JOJO,0.0001767672431,0.0000004760021358,0x78A499a998Bdd5a84CF8b5aBe49100D82DE12f1C,2022-02-04 3:14:06
RichQUACK.com,QUACK,0.000000001642860799,0,0xD74b782E05AA25c50e7330Af541d46E18f36661C,2022-02-04 3:14:06
DigitalFinancialExch,DIFX,0.3772264166,0.001015508448,0x697bd938e7E572E787ecd7bC74a31f1814C21264,2022-02-04 3:14:06
Acet Token,ACT,0.292443905,0.0007874999085,0x9F3BCBE48E8b754F331Dfc694A894e8E686aC31D,2022-02-04 3:14:06
Venus,XVS,8.079805868,0.0217659669,0xcF6BB5389c92Bdda8a3747Ddb454cB7a64626C63,2022-02-04 3:14:06
Dalarnia,DAR,0.88460404,0.002382057769,0x23CE9e926048273eF83be0A3A8Ba9Cb6D45cd978,2022-02-04 3:14:06
Sagittarius,SGRv2,0.06861142032,0.0001398956303,0x56231D55391bd6382bc2a0761a644ea188B007cc,2022-02-04 3:14:06
Lunar,LNR,0.00000003260582089,0,0x9D4451151A8dE5B545a1bC6c8fdEB9d94a2868e1,2022-02-04 3:14:06
OMAX TOKEN,OMAX,0.002078185085,0.000005607315084,0xeB84be66c8E71f07eA57Cf3b21626d7784F32A7F,2022-02-04 3:14:06
Meer (bsc),MEER,14.93360229,0.0402483216,0xbA552586eA573Eaa3436f04027ff4effd0c0abbb,2022-02-04 3:14:06
Crypto Gaming United,CGU,3.587487836,0.009657851599,0x747D74dB20cc422F39ab54EDB2A3Ce21f3C98AF1,2022-02-04 3:14:06
MContent,MCONTENT,0.000000006564747824,0,0x799e1Cf88A236e42b4A87c544A22A94aE95A6910,2022-02-04 3:14:06
Hare Token,HARE,0,0,0x4AFc8c2Be6a0783ea16E16066fde140d15979296,2022-02-04 3:14:06
Chroma,CHR,0.5198081362,0.001400295531,0xf9CeC8d50f6c8ad3Fb6dcCEC577e05aA32B224FE,2022-02-04 3:14:06
CHEEMSINU,$CINU,0,0,0xdFE6891ce8E5a5c7Cf54fFdE406A6C2C54145F71,2022-02-04 3:14:06
Splintershards,SPS,0.1128060865,0.0003036768577,0x1633b7157e7638C4d6593436111Bf125Ee74703F,2022-02-04 3:14:06
Sheesha Finance,SHEESHA,141.8306952,0.3818078021,0x232FB065D9d24c34708eeDbF03724f2e95ABE768,2022-02-04 3:14:06
CatGirl,CATGIRL,0.0000000018463613,0,0x79ebc9a2ce02277a4b5b3a768b1c0a4ed75bd936,2022-02-04 3:14:06
RichQUACK.com,QUACK,0.000000001643305432,0,0xd74b782e05aa25c50e7330af541d46e18f36661c,2022-02-04 3:14:06
ElonGate,ElonGate,0.00000003158801939,0,0x2a9718deff471f3bb91fa0eceab14154f150a385,2022-02-04 3:14:06
XRP Token,XRP,0.6114211905,0.001645992673,0x1d2f0da169ceb9fc7b3144628db156f3f6c60dbe,2022-02-04 3:14:06
Nevada,NEVADA,0.001232971406,0.000003320655206,0x52cf099d7c891951eace3e99abc580bda26912fc,2022-02-04 3:14:06
SporeFinance,SPORE,0,0,0x33a3d962955a3862c8093d1273344719f03ca17c,2022-02-04 3:14:06
BABYXRP,BBYXRP,0.0000000009031705603,0,0x8beabaa4f025d00b4699d56a683758d692d17f20,2022-02-04 3:14:06
NFTArt.Finance,NFTART,0.0000000004194454728,0,0xf7844cb890f4c339c497aeab599abdc3c874b67a,2022-02-04 3:14:06
CrypterToken,CRYPT,0.000000003586298187,0,0xda6802bbec06ab447a68294a63de47ed4506acaa,2022-02-04 3:14:06
Safechaintoken,SCT,0.003447793964,0.000009301649458,0xc3262500039696ff8ef9830fb422ab32b15bd366,2022-02-04 3:14:06
GDOGE,GDOGE,0.0000004245581918,0.000000001167546145,0xdeb9aca4f54abd9b82ca91b52fcccf869882b9fe,2022-02-04 3:14:06
Pixl Coin,PXLC,0.001750410023,0.00000471488764,0x72d2946094e6e57c2fade4964777a9af2b7a51f9,2022-02-04 3:14:06
Baby Moon Wolf,BabyWolf,0,0,0x5b5a3a45002736413613b8a4c46cc0d9d1d6f4ae,2022-02-04 3:14:06
SafeBLAST,BLAST,0.000000005783244698,0,0xddc0dbd7dc799ae53a98a60b54999cb6ebb3abf0,2022-02-04 3:14:06
MoonStar,MOONSTAR,0,0,0xce5814efff15d53efd8025b9f2006d4d7d640b9b,2022-02-04 3:14:06
Refinable,FINE,0.1412726882,0.0003805270917,0x4e6415a5727ea08aae4580057187923aec331227,2022-02-04 3:14:06
FOX,FOX,0.000000003250761812,0,0xfad8e46123d7b4e77496491769c167ff894d2acb,2022-02-04 3:14:06
Hare Token,HARE,0,0,0x4afc8c2be6a0783ea16e16066fde140d15979296,2022-02-04 3:14:06
Scallop,SCLP,0.917447349,0.002470479558,0xf2c96e402c9199682d5ded26d3771c6b192c01af,2022-02-04 3:14:06
BurningMoon,BM,0.002410540867,0.00000648909174,0x97c6825e6911578a515b11e25b552ecd5fe58dba,2022-02-04 3:14:06
HyperBoost,HyperBoost,0.0000000006667652592,0,0xfbc37a1865dd46091a45221f575062a3b8b2e676,2022-02-04 3:14:06
MiniDOGE,MiniDOGE,0.000000007125500065,0,0xba07eed3d09055d60caef2bdfca1c05792f2dfad,2022-02-04 3:14:06
BABY DOGE BILLIONAIRE,BABYDB,0,0,0x6d9fb3332f62fc044d5075feeea597a92f1ce0ad,2022-02-04 3:14:06
FEGtoken,FEG,0.000000003427583909,0,0xacfc95585d80ab62f67a14c566c1b7a49fe91167,2022-02-04 3:14:06
Safe Energy,EnergyX,0.000000002441196098,0,0xbbe899c61198d1826a43e20ea19efc46e50c2b00,2022-02-04 3:14:06
GAMER,GMR,0.000000002277670265,0,0x0523215dcafbf4e4aa92117d13c6985a3bef27d7,2022-02-04 3:14:06
MarsRise,MARSRISE,0.000000001253183432,0,0x184079ca987f562ae6a0c59f4be5cadb20323863,2022-02-04 3:14:06
DogeZilla,DogeZilla,0,0,0x7a565284572d03ec50c35396f7d6001252eb43b6,2022-02-04 3:14:06
TIKI,TIKI,0.001176243336,0.000003168128891,0x9b76d1b12ff738c113200eb043350022ebf12ff0,2022-02-04 3:14:06
EverGrow Coin,EGC,0.0000005824125139,0.000000001567855033,0xc001bbe2b87079294c63ece98bdd0a88d761434e,2022-02-04 3:14:06
Baby Doge Coin,BabyDoge,0.000000003961814398,0,0xc748673057861a797275cd8a068abb95a902e8de,2022-02-04 3:14:06
FOMO BABY,FOMOBABY,0.0000000001965940717,0,0x82d6e409438e9c2eaed8ceec4bd95918cbd17c87,2022-02-04 3:14:06
KingDoge,KDOGE,0.0000000003463541055,0,0xa60dad644be617d4380ef2a03f3075ebbc9d0770,2022-02-04 3:14:06
SafeMoon,SAFEMOON,0.000000485667345,0.000000001310461999,0x8076c74c5e3f5852037f31ff0093eeb8c8add8d3,2022-02-04 3:14:06
pTokens TLOS,TLOS,1.030989894,0.00277632702,0xb6c53431608e626ac81a9776ac3e999c5556717c,2022-02-04 3:14:06
HummingBird Finance,HMNG,0,0,0x14357d294fbabbe0fbf59503370c772d563b35b6,2022-02-04 3:14:06
Baby Doge Inu,$BABYDOGEINU,0.000000001677164133,0,0x5e5c9001aa81332d405d993ffd1468751d659d1e,2022-02-04 3:14:06
Squidanomics,SQUID,0,0,0x1f878d0bccd3d502ff55f7a4797c556f103d6e4b,2022-02-04 3:14:06
SHIBANOMICS,SHIBIN,0.0000000698045653,0.0000000001120227501,0xe2cbf8572eab769311a8c562b00a14ca55eaa0ea,2022-02-04 3:14:06
SafeMars,SAFEMARS,0.00000002995129634,0,0x3ad9594151886ce8538c1ff615efa2385a8c3a88,2022-02-04 3:14:06
StrikeX,STRX,0.08037481402,0.0002165108369,0xd6fdde76b8c1c45b33790cc8751d5b88984c44ec,2022-02-04 3:14:06
EverRise,RISE,0.0000000009764054457,0,0xc7d43f2b51f44f09fbb8a691a0451e8ffcf36c0a,2022-02-04 3:14:06
BabyUSDT,BABYUSDT,0.00000232226475,0.000000006288202599,0x8dc1942e2089e711725eda66ab06650035475441,2022-02-04 3:14:06
Baby Floki Billionaire,BabyFB,0.000000001683608894,0,0x112fbe7f60329e9e2d232008e56f94d1582ae3bc,2022-02-04 3:14:06
Golden Doge,GDOGE,0,0,0xa53e61578ff54f1ad70186be99332a6e20b6ffa9,2022-02-04 3:14:06
Zombie Token,ZMBE,0.005124444398,0.00001379539458,0x50ba8bf9e34f0f83f96a340387d1d3888ba4b3b5,2022-02-04 3:14:06
DogeCola,DOGECOLA,0.000000004752197815,0,0xe320df552e78d57e95cf1182b6960746d5016561,2022-02-04 3:14:06
FastSwap Token,FAST,0.01204984307,0.00003245683959,0x2322afaac81697e770c19a58df587d8739777536,2022-02-04 3:14:06
Baby Bitcoin,BBTC,0.000000001917015869,0,0x5b0dfe077b16479715c9838eb644892008abbfe6,2022-02-04 3:14:06
BABY CAKE,BABYCAKE,0.00001440548398,0.00000003880492354,0xdb8d30b74bf098af214e862c90e647bbb1fcc58c,2022-02-04 3:14:06
SHIBA INU,SHIB,0.00002088924076,0.00000005623107515,0x2859e4544c4bb03966803b044a93563bd2d0dd4d,2022-02-04 3:14:06
Aurox Token,bURUS,64.30574006,0.1731892228,0x33a46b5b71f4689ff290da93e08972917a5e6634,2022-02-04 3:14:06
SquidGameProtocol,SGPro,0.0000005940686895,0.000000001614524477,0x2cdc833216d5f76b89e51b66297da0bc2ac4fa7a,2022-02-04 3:14:06
EverETH,EverETH,0.000000008946443577,0,0x16dcc0ec78e91e868dca64be86aec62bf7c61037,2022-02-04 3:14:06
Ronin Gamez,RONINGMZ,0.00003518237109,0.00000007813995485,0x980b37a82b60a32965b6e56356d14e0410ea440f,2022-02-04 3:14:06
KittyZilla,KITTYZILLA,0,0,0x7eeafc39dfa81321cdd1fe595edd1da21fa38f1b,2022-02-04 3:14:06
Khalifa Finance,Khalifa,0.00000007618690347,0.0000000002053093747,0xdae7238a7e83b439673a7900fa3bae2108c6ec12,2022-02-04 3:14:06
ShibaRocket,ShibaRocket,0.0004703726867,0.000001270219809,0x782d8c5c0150bedc70d94fe6737763ede839f205,2022-02-04 3:14:06
PooCoin,POOCOIN,1.069847001,0.002881571712,0xb27adaffb9fea1801459a1a81b17218288c097cc,2022-02-04 3:14:06
ZillaDoge Token,ZillaDoge,0,0,0x095f385be1e631ffdd7c1ac54dfcef6ed868eb36,2022-02-04 3:14:06
AetherV2,ATH,0.003666390442,0.000009876450183,0x6d3a0fb0070ea61f901ebc0b675c30450acac737,2022-02-04 3:14:06
TitsV2,TITS,0.0000000003399781631,0,0xa753d241ffce10a3570eda72f6561c04b1f9ae77,2022-02-04 3:14:06
Metahero,HERO,0.04593800639,0.0001236663299,0xd40bedb44c081d2935eeba6ef5a3c8a31a1bbe13,2022-02-04 3:14:06
PancakeSwap Token,Cake,7.252043365,0.0195228503,0x0e09fabb73bd3ade0a17ecc321fd13a19e81ce82,2022-02-04 3:14:06
Santa Coin,Santa,0.000000001707735639,0,0x4f1a6fc6a7b65dc7ebc4eb692dc3641be997c2f2,2022-02-04 3:14:06
BabyBanana,BBNANA,0,0,0xa3be3b30fa5302dad5c9874cdb50e220eaadf092,2022-02-04 3:14:06
Savetheworld,Save,0.0000000006264481148,0,0x159802fbe16aa6a0863a56a18dd41afce546c93e,2022-02-04 3:14:06
FUCKWARONRUGS (https://t.me/fuckwaronrugs),FUCKWOR,0,0,0xb851a980f61a2ed61ead62c3089708630e965c2c,2022-02-04 3:14:06
Martian DAO,MDAO,0,0,0x904d7ac5d005d16dbdc69f713d029e3c1800f8ca,2022-02-04 3:14:06
Bogged Finance,BOG,0.8510133692,0.002292542465,0xb09fe1613fe03e7361319d2a43edc17422f36b09,2022-02-04 3:14:06
Full Send,FULLSEND,0,0,0xd8c202fc83792d98fb94c1fa2fdac5702a75df1c,2022-02-04 3:14:06
FREEMOON,FREEMOON,0.000000001173793176,0,0x31f0bc450c12eb62b4c617d4c876f7a66470fcb3,2022-02-04 3:14:06
FREEMOON,FREEMOON,0.000000001173793176,0,0x31f0bc450c12eb62b4c617d4c876f7a66470fcb3,2022-02-03 22:59:03